STT,Tên sách,Tác giả,Giá,Link chi tiết,Hình ảnh
385,Cho Trận Gió Kinh Thiên,N/A,"130,000 đ",https://nhasachphuongnam.com/cho-tran-gio-kinh-thien.html,https://nhasachphuongnam.com/images/thumbnails/240/290/detailed/160/cho-tran-gio-kinh-thien.jpg
390,Sơn Trà Nở Muộn,N/A,"248,000 đ",https://nhasachphuongnam.com/son-tra-no-muon.html,https://nhasachphuongnam.com/images/thumbnails/240/290/detailed/248/son-tra-no-muon.jpg
392,Chiến Binh Cầu Vồng,N/A,"109,000 đ",https://nhasachphuongnam.com/chien-binh-cau-vong.html,https://nhasachphuongnam.com/images/thumbnails/240/290/detailed/305/chien-binh-cau-vong.jpg
396,Kinh Cầu Nguyện Kaddis Dành Cho Đứa Trẻ Không Ra Đời (Sách đoạt giải Nobel Văn Chương 2002),N/A,"78,000 đ",https://nhasachphuongnam.com/kinh-cau-nguyen-kaddis-danh-cho-dua-tre-khong-ra-doi-sach-doat-giai-nobel-van-chuong-2002.html,https://nhasachphuongnam.com/images/thumbnails/240/290/detailed/156/bia-kinh-cau-nguyen-kaddis-danh-cho-dua-tre-khong-ra-doi.jpg
401,Người Đẹp Ngủ Mê (Tái bản năm 2023),N/A,"109,000 đ",https://nhasachphuongnam.com/nguoi-dep-ngu-me-tai-ban-nam-2023.html,https://nhasachphuongnam.com/images/thumbnails/240/290/detailed/267/nguoi-dep-ngu-me-tb-2023.jpg
412,Tết Ở Làng Địa Ngục,N/A,"169,000 đ",https://nhasachphuongnam.com/tet-o-lang-dia-nguc.html,https://nhasachphuongnam.com/images/thumbnails/240/290/detailed/226/tet-o-lang-dia-nguc.jpg
414,Cây Cam Ngọt Của Tôi,N/A,"108,000 đ",https://nhasachphuongnam.com/cay-cam-ngot-cua-toi.html,https://nhasachphuongnam.com/images/thumbnails/240/290/detailed/184/cay-cam-ngot-cua-toi.jpg
416,Điều Kỳ Diệu Của Tiệm Tạp Hóa Namiya (Tái bản năm 2018),N/A,"105,000 đ",https://nhasachphuongnam.com/dieu-ky-dieu-cua-tiem-tap-hoa-namiya-tai-ban-nam-2018.html,https://nhasachphuongnam.com/images/thumbnails/240/290/detailed/305/dieu-ky-dieu-cua-tiem-tap-hoa-namiya.jpg
422,Lưỡng Giới (Giải Pulitzer 2003) (Bìa Mềm),N/A,"329,000 đ",https://nhasachphuongnam.com/luong-gioi-giai-pulitzer-2003-bia-mem.html,https://nhasachphuongnam.com/images/thumbnails/240/290/detailed/309/luong-gioi-bm.jpg
431,Nhà Giả Kim (Tái bản năm 2020),N/A,"79,000 đ",https://nhasachphuongnam.com/nha-gia-kim-tai-ban-nam-2020.html,https://nhasachphuongnam.com/images/thumbnails/240/290/detailed/131/nha-gia-kim-tb-2020.jpg
433,Những Chiếc Cầu Ở Quận Madison (Tái bản năm 2022),N/A,"89,000 đ",https://nhasachphuongnam.com/nhung-chiec-cau-o-quan-madison-tai-ban-nam-2022.html,https://nhasachphuongnam.com/images/thumbnails/240/290/detailed/253/Untitled-1_c8z2-gj.jpg
440,Roses And Champagne - Hoa Hồng Và Sâm Banh - Tập 1,N/A,"189,000 đ",https://nhasachphuongnam.com/roses-and-champagne-hoa-hong-va-sam-banh-tap-1.html,https://nhasachphuongnam.com/images/thumbnails/240/290/detailed/238/tu-dien-viet-anh-bo-tui-185000-tu.jpg
442,Khó Dỗ Dành - Tập 1,N/A,"205,000 đ",https://nhasachphuongnam.com/kho-do-danh-tap-1.html,https://nhasachphuongnam.com/images/thumbnails/240/290/detailed/251/kho-do-danh-tap-1.jpg
444,Ghi Chép Pháp Y - Những Cái Chết Bí Ẩn,N/A,"150,000 đ",https://nhasachphuongnam.com/ghi-chep-phap-y-nhung-cai-chet-bi-an.html,https://nhasachphuongnam.com/images/thumbnails/240/290/detailed/239/ghi-chep-phap-y-nhung-cai-chet-bi-an.jpg
446,Những Đốm Lửa Lưu Lạc,N/A,"199,000 đ",https://nhasachphuongnam.com/nhung-dom-lua-luu-lac.html,https://nhasachphuongnam.com/images/thumbnails/240/290/detailed/253/nhung-dom-lua-luu-lac.jpg
451,Nếu Gặp Lại Em Trên Ngọn Đồi Hoa Nở,N/A,"129,000 đ",https://nhasachphuongnam.com/neu-gap-lai-em-tren-ngon-doi-hoa-no.html,https://nhasachphuongnam.com/images/thumbnails/240/290/detailed/273/neu-gap-lai-em-tren-ngon-doi-hoa-no.jpg
457,"Đợi Một Danh Phận, Cả Đời Oán Hận",N/A,"92,000 đ",https://nhasachphuongnam.com/doi-mot-danh-phan-ca-doi-oan-han.html,https://nhasachphuongnam.com/images/thumbnails/240/290/detailed/233/doi-mot-danh-phan-ca-doi-oan-han.jpg
459,Chiếc Cặp,N/A,"129,000 đ",https://nhasachphuongnam.com/chiec-cap.html,https://nhasachphuongnam.com/images/thumbnails/240/290/detailed/252/Untitled-1_42em-qz.jpg
464,Hôn Nhân Hạnh Phúc Của Tôi - Tập 1 (Light-novel),N/A,"100,000 đ",https://nhasachphuongnam.com/hon-nhan-hanh-phuc-cua-toi-tap-1-light-novel.html,https://nhasachphuongnam.com/images/thumbnails/240/290/detailed/239/hon-nhan-hanh-phuc-cua-toi-tap-1-set.jpg
468,Giết Con Chim Nhại (Giải Pulitzer - giải Sách Trẻ bình chọn 2019),N/A,"120,000 đ",https://nhasachphuongnam.com/giet-con-chim-nhai-giai-pulitzer-giai-sach-tre-binh-chon-2019.html,https://nhasachphuongnam.com/images/thumbnails/240/290/detailed/155/giet_con_chim_nhai.jpg
471,Thiết lập lại,N/A,đ – đ 28000đ 1750000đ,https://nhasachphuongnam.com/van-hoc-duong-dai.html,N/A
487,Thiết lập lại,N/A,N/A,https://nhasachphuongnam.com/van-hoc-duong-dai.html,N/A
488,"Thức Dậy, Anh Vẫn Là Mơ",N/A,"79,000 đ",https://nhasachphuongnam.com/thuc-day-anh-van-la-mo.html,https://nhasachphuongnam.com/images/thumbnails/200/200/detailed/163/thuc-day-anh.jpg
489,"Thức Dậy, Anh Vẫn Là Mơ",N/A,"79,000 đ",https://nhasachphuongnam.com/thuc-day-anh-van-la-mo.html,https://nhasachphuongnam.com/images/thumbnails/200/200/detailed/163/thuc-day-anh.jpg
493,"Tâm Thành Và Lộc Đời (Kèm CD ""Cuộc đời hoài phí"" - Bìa mềm)",N/A,"150,000 đ",https://nhasachphuongnam.com/tam-thanh-va-loc-doi-kem-cd-cuoc-doi-hoai-phi-bia-mem.html,https://nhasachphuongnam.com/images/thumbnails/200/200/detailed/169/83827_tam-thanh-va-loc-doi.jpg
494,"Tâm Thành Và Lộc Đời (Kèm CD ""Cuộc đời hoài phí"" - Bìa mềm)",N/A,"150,000 đ",https://nhasachphuongnam.com/tam-thanh-va-loc-doi-kem-cd-cuoc-doi-hoai-phi-bia-mem.html,https://nhasachphuongnam.com/images/thumbnails/200/200/detailed/169/83827_tam-thanh-va-loc-doi.jpg
498,Xứ Tuyết,N/A,"85,000 đ",https://nhasachphuongnam.com/xu-tuyet.html,https://nhasachphuongnam.com/images/thumbnails/200/200/detailed/309/xu-tuyet_cs7i-ph.jpg
499,Xứ Tuyết,N/A,"85,000 đ",https://nhasachphuongnam.com/xu-tuyet.html,https://nhasachphuongnam.com/images/thumbnails/200/200/detailed/309/xu-tuyet_cs7i-ph.jpg
503,Người Tị Nạn (Giải Pulitzer) (Bìa mềm),N/A,"132,000 đ",https://nhasachphuongnam.com/nguoi-ti-nan-giaipulitzer-bia-mem.html,https://nhasachphuongnam.com/images/thumbnails/200/200/detailed/309/nguoi-ti-nan.jpg
504,Người Tị Nạn (Giải Pulitzer) (Bìa mềm),N/A,"132,000 đ",https://nhasachphuongnam.com/nguoi-ti-nan-giaipulitzer-bia-mem.html,https://nhasachphuongnam.com/images/thumbnails/200/200/detailed/309/nguoi-ti-nan.jpg
508,Những Chiếc Cầu Ở Quận Madison (Tái bản năm 2022),N/A,"89,000 đ",https://nhasachphuongnam.com/nhung-chiec-cau-o-quan-madison-tai-ban-nam-2022.html,https://nhasachphuongnam.com/images/thumbnails/200/200/detailed/253/Untitled-1_c8z2-gj.jpg
509,Những Chiếc Cầu Ở Quận Madison (Tái bản năm 2022),N/A,"89,000 đ",https://nhasachphuongnam.com/nhung-chiec-cau-o-quan-madison-tai-ban-nam-2022.html,https://nhasachphuongnam.com/images/thumbnails/200/200/detailed/253/Untitled-1_c8z2-gj.jpg
513,Trở Về Không - Trải Nghiệm Ho'oponopono,N/A,"159,000 đ",https://nhasachphuongnam.com/tro-ve-khong-trai-nghiem-hooponopono.html,https://nhasachphuongnam.com/images/thumbnails/200/200/detailed/176/tro-ve-khong-trai-nghiem-ho-oponopono.jpg
514,Trở Về Không - Trải Nghiệm Ho'oponopono,N/A,"159,000 đ",https://nhasachphuongnam.com/tro-ve-khong-trai-nghiem-hooponopono.html,https://nhasachphuongnam.com/images/thumbnails/200/200/detailed/176/tro-ve-khong-trai-nghiem-ho-oponopono.jpg
